id,nombre,nombre_kanji,role,anime_id,imagen_url,fecha_extraccion
1,,,MAIN,853,,2025-02-27 17:06:03
2,,,MAIN,853,,2025-03-02 15:25:53
13,Uchiha Sasuke,,MAIN,20,https://cdn.myanimelist.net/images/characters/9/131317.jpg?s=9705c17dba36c2edebded3a72dc1a46e,2025-04-06 20:52:34
14,Uchiha Itachi,,SUPPORTING,20,https://cdn.myanimelist.net/images/characters/9/284122.jpg?s=11eac9672b208175831a0da62f188622,2025-04-06 20:52:34
17,Uzumaki Naruto,,DESCONOCIDO,20,https://cdn.myanimelist.net/images/characters/12/61330.jpg?s=ee8fc22475454609f72ae66112f6cf87,2025-04-06 20:52:34
85,Hatake Kakashi,,MAIN,20,https://cdn.myanimelist.net/images/characters/7/284129.jpg?s=b0a6b941fd427cbfd85657f316c0e309,17/6/2020
145,Haruno Sakura,,MAIN,20,https://cdn.myanimelist.net/images/characters/9/69275.jpg?s=36c4ad9f4440d77918c34c49870e719c,2025-04-06 20:52:34
306,Lee Rock,,SUPPORTING,20,https://cdn.myanimelist.net/images/characters/13/433353.jpg?s=c2099a6532ecf14f4cf233c4cbd6532f,2025-04-06 20:52:34
307,Might Guy,,SUPPORTING,20,https://cdn.myanimelist.net/images/characters/16/103576.jpg?s=5da52d3d6d0b921506ffe65a8ff3288f,2025-04-06 20:52:34
728,Momochi Zabuza,,SUPPORTING,20,https://cdn.myanimelist.net/images/characters/14/103706.jpg?s=4550a5e0c0af5a9f355a000386954d38,2025-04-06 20:52:34
809,Mitarashi Anko,,SUPPORTING,20,https://cdn.myanimelist.net/images/characters/8/66177.jpg?s=dd1055043101c23d89c332873170f962,2025-04-06 20:52:34
1555,Hyuuga Hinata,,SUPPORTING,20,https://cdn.myanimelist.net/images/characters/6/278736.jpg?s=efc87a537d323edc47900cb08e1722c9,2025-04-06 20:52:34
1662,Gaara,,SUPPORTING,20,https://cdn.myanimelist.net/images/characters/10/293375.jpg?s=ceeb8ed1578737104c8e347ab7a52101,3/1/2022
1694,Hyuuga Neji,,SUPPORTING,20,https://cdn.myanimelist.net/images/characters/2/105538.jpg?s=7603e3986722997b66259d9fea83a3b2,2025-03-30 21:11:15
1902,Deidara,,SUPPORTING,20,https://cdn.myanimelist.net/images/characters/9/131319.jpg?s=02bd30a045b2aaabf13e22a0149845e2,2025-04-06 20:52:34
2007,Nara Shikamaru,,SUPPORTING,20,https://cdn.myanimelist.net/images/characters/3/131315.jpg?s=a800fe970f638eae38b1e50d3471121d,2025-04-06 20:52:34
2008,Akimichi Chouji,,SUPPORTING,20,https://cdn.myanimelist.net/images/characters/9/105421.jpg?s=bbb2f94a4f15470a215358085358bc37,2025-04-06 20:52:34
2009,Yamanaka Ino,,SUPPORTING,20,https://cdn.myanimelist.net/images/characters/9/60062.jpg?s=bd8ff387569eebde9eb9af3d2a7feefc,2025-04-06 20:52:34
2011,Umino Iruka,,SUPPORTING,20,https://cdn.myanimelist.net/images/characters/10/100216.jpg?s=8ce41c2857b1d19260f46e114cc9d158,2025-04-06 20:52:34
2039,Haku,,SUPPORTING,20,https://cdn.myanimelist.net/images/characters/10/103707.jpg?s=6f30c87be8eabac48a20071677fd972c,2025-04-06 20:52:34
2174,Temari,,SUPPORTING,20,https://cdn.myanimelist.net/images/characters/13/292452.jpg?s=81c9799689a262a4df639b3dd5c48bc3,2025-04-06 20:52:34
2405,Yakushi Kabuto,,SUPPORTING,20,https://cdn.myanimelist.net/images/characters/14/82459.jpg?s=81d3435c2ca60c6acbea9da7bc7ba6c4,2025-04-06 20:52:34
2423,Jiraiya,,SUPPORTING,20,https://cdn.myanimelist.net/images/characters/15/68618.jpg?s=ec35c8f49aa4cd7389bfc36d30cda3d7,2025-04-06 20:52:34
2455,Orochimaru,,SUPPORTING,20,https://cdn.myanimelist.net/images/characters/3/162089.jpg?s=77b65c6a4dfa133ef211d805af39d986,2025-04-06 20:52:34
2535,Namikaze Minato,,SUPPORTING,9544258,https://cdn.myanimelist.net/images/characters/14/128074.jpg?s=3c25d6b03a654401141036f32b6e9b8b,2025-04-06 20:52:34
2672,Hoshigaki Kisame,,SUPPORTING,20,https://cdn.myanimelist.net/images/characters/11/433351.jpg?s=46d6b63938f0ab6572f96798dd4fba85,2025-04-06 20:52:34
2766,Pakkun,,SUPPORTING,20,https://cdn.myanimelist.net/images/characters/13/54922.jpg?s=d5ad8c7e353fd173d020ef72fbadd3f3,2025-04-06 20:52:34
2767,Tsunade,,SUPPORTING,20,https://placeholder.com/no_image.jpg,2025-04-06 20:52:34
2792,Hidan,,SUPPORTING,20,https://cdn.myanimelist.net/images/characters/8/103578.jpg?s=389d90926039f796c2095de3c61a8d62,2025-04-06 20:52:34
3052,Tayuya,,SUPPORTING,20,https://cdn.myanimelist.net/images/characters/10/295205.jpg?s=cfb4d415aa30d426753c0aa1c14cbc2e,16/3/2022
3150,Zetsu,,SUPPORTING,20,https://cdn.myanimelist.net/images/characters/11/76260.jpg?s=f677ce2557f67393a92943f4b21270ab,2025-04-06 20:52:34
3178,Kakuzu,,SUPPORTING,20,https://cdn.myanimelist.net/images/characters/11/255727.jpg?s=5c401401ec96dc333b18486cef42c242,2025-04-06 20:52:34
3179,Konan,,SUPPORTING,0,https://cdn.myanimelist.net/images/characters/13/158755.jpg?s=511521e3840779df9fba75ea5a4b9b52,2025-04-06 20:52:34
3180,Pain,,DESCONOCIDO,20,https://cdn.myanimelist.net/images/characters/8/73473.jpg?s=5c41288db6aa7a2339a4ff90ea211d49,2025-04-06 20:52:34
3428,Aburame Shino,,SUPPORTING,20,https://cdn.myanimelist.net/images/characters/16/292449.jpg?s=f7b8f2084a65d22cd9381f25a55f8b2f,2025-04-06 20:52:34
3438,Kimimaro,,SUPPORTING,0,https://cdn.myanimelist.net/images/characters/13/103598.jpg?s=08ed0fcffe945f96b93afd9f48bd18b5,2025-04-06 20:52:34
3495,Inuzuka Kiba,,SUPPORTING,20,https://cdn.myanimelist.net/images/characters/11/131217.jpg?s=d3bc94609e7a552ec522daf99834c21a,2025-04-06 20:52:34
3710,Tenten,,DESCONOCIDO,20,https://cdn.myanimelist.net/images/characters/16/110946.jpg?s=babf65fba5bfda45c8c6dc400669b6cb,2025-03-30 21:11:15
3735,Shiranui Genma,,SUPPORTING,20,https://cdn.myanimelist.net/images/characters/3/104664.jpg?s=c798fbee0f73d81fe48f11306ce056bc,23/4/2021
3889,Sarutobi Konohamaru,,SUPPORTING,20,https://cdn.myanimelist.net/images/characters/7/109419.jpg?s=818d5a433ba71a276feb67578ccf711a,2025-04-06 20:52:34
4223,Gamabunta,,SUPPORTING,20,https://cdn.myanimelist.net/images/characters/6/70846.jpg?s=6516b681e86fa72587edc431286fdcc2,2025-04-06 20:52:34
4643,Shizune,,SUPPORTING,20,https://cdn.myanimelist.net/images/characters/3/103794.jpg?s=34f7e533eadf02840c039b3bc4f40f06,2025-04-06 20:52:34
4694,Kankurou,,SUPPORTING,20,https://cdn.myanimelist.net/images/characters/7/68615.jpg?s=6f6d40205ea049c4a579e6a2d756daa0,2025-04-06 20:52:34
4773,Yuuhi Kurenai,,SUPPORTING,20,https://cdn.myanimelist.net/images/characters/8/103797.jpg?s=01189fc7f8a526c4fd60ecb124f7065f,2025-04-06 20:52:34
4775,Sarutobi Asuma,,SUPPORTING,20,https://cdn.myanimelist.net/images/characters/13/82538.jpg?s=5196f696350f23474767acdf6efc6b8f,2025-04-06 20:52:34
4799,Akamaru,,SUPPORTING,20,https://cdn.myanimelist.net/images/characters/6/58197.jpg?s=72fb82b5f99c06ba07d67f7e0c845aec,2025-04-06 20:52:34
5737,Isaribi,,SUPPORTING,20,https://cdn.myanimelist.net/images/characters/16/62784.jpg?s=140636f2e1b1900b23b503bfc3a72627,2025-04-06 20:52:34
6598,Rokushou Aoi,,SUPPORTING,20,https://cdn.myanimelist.net/images/characters/5/57902.jpg?s=7f98276b2da7d5d6bf43aa6eb5175a82,2025-04-06 20:52:34
7310,Matsuri,,SUPPORTING,9689633,https://cdn.myanimelist.net/images/characters/6/57963.jpg?s=c8baf4f131a55b3a668382efff780e04,2025-04-06 20:52:34
7407,Kurama,,SUPPORTING,20,https://cdn.myanimelist.net/images/characters/5/232183.jpg?s=4ab26e80928ae4a0a667ea3f21f72492,2025-04-06 20:52:34
7571,Sarutobi Hiruzen,,SUPPORTING,20,https://cdn.myanimelist.net/images/characters/2/68520.jpg?s=7d6e5e92c4a665933686d4ece2cbdbe1,2025-04-06 20:52:34
7608,Katsuyu,,SUPPORTING,20,https://cdn.myanimelist.net/images/characters/11/103624.jpg?s=6eb7e5dd0cc10240d5bd21f031727df6,24/1/2020
7738,Gekkou Hayate,,SUPPORTING,20,https://cdn.myanimelist.net/images/characters/10/104665.jpg?s=07831eec08dd78aadb983fbd90a0aaf3,2025-04-06 20:52:34
8495,Jiroubou,,SUPPORTING,20,https://cdn.myanimelist.net/images/characters/15/103579.jpg?s=bca26508367efa8f841f1a1b2aa6a6ea,27/5/2022
8497,Kidoumaru,,SUPPORTING,20,https://cdn.myanimelist.net/images/characters/4/103588.jpg?s=7824034e576090bc3629b0a15199374e,2025-04-06 20:52:34
8760,Sakon,,SUPPORTING,20,https://cdn.myanimelist.net/images/characters/15/105422.jpg?s=b0a8ccc9170d441273e13aab667e7423,2025-04-06 20:52:34
8771,Kurosuki Raiga,,SUPPORTING,20,https://cdn.myanimelist.net/images/characters/2/55519.jpg?s=4fa1eb310b181be1ec87beda4678672b,2025-04-06 20:52:34
8810,Menma,,SUPPORTING,20,https://cdn.myanimelist.net/images/characters/5/57869.jpg?s=c9a65ff03d74f84b678c3393e76140da,2025-04-06 20:52:34
8997,Abumi Zaku,,SUPPORTING,20,https://cdn.myanimelist.net/images/characters/3/36355.jpg?s=326e8671faaacb5fe6ce13fb931915a3,2025-04-06 20:52:34
9244,Kinuta Dosu,,SUPPORTING,20,https://cdn.myanimelist.net/images/characters/14/36354.jpg?s=0332b5441c2938506646832a2075fc32,2025-04-06 20:52:34
9680,Tsuchi Kin,,SUPPORTING,20,https://cdn.myanimelist.net/images/characters/7/66504.jpg?s=80e3346c8143cf804b3522dba532c13b,2025-04-06 20:52:34
9699,Akado Yoroi,,SUPPORTING,20,https://cdn.myanimelist.net/images/characters/12/104668.jpg?s=13e483e534221000f378d246d704204e,2025-04-06 20:52:34
10013,Uchiha Sasuke,,MAIN,20,https://cdn.myanimelist.net/images/characters/9/131317.jpg?s=9705c17dba36c2edebded3a72dc1a46e,2025-03-30 15:23:40
10014,Uchiha Itachi,,SUPPORTING,20,https://cdn.myanimelist.net/images/characters/9/284122.jpg?s=11eac9672b208175831a0da62f188622,2025-03-30 15:23:40
10145,Haruno Sakura,,MAIN,20,https://cdn.myanimelist.net/images/characters/9/69275.jpg?s=36c4ad9f4440d77918c34c49870e719c,2025-03-30 21:11:15
10524,Seimei,,SUPPORTING,20,https://cdn.myanimelist.net/images/characters/16/58450.jpg?s=ecf8baf8354ed6d885917d29476e06e9,2025-04-06 20:52:34
10697,Aburame Shibi,,SUPPORTING,20,https://cdn.myanimelist.net/images/characters/15/103841.jpg?s=c555bc6a75c48a6ab191b9dc75b46805,2025-04-06 20:52:34
10698,Akahoshi,,SUPPORTING,20,https://cdn.myanimelist.net/images/characters/7/57543.jpg?s=38e0bf9f45bf7e46bb18bb4b38cb6ae9,2025-04-06 20:52:34
10699,Akimichi Chouza,,SUPPORTING,20,https://cdn.myanimelist.net/images/characters/16/103839.jpg?s=9bbeca695c99940d76131a1f9c78611b,2025-04-06 20:52:34
10700,Akio,,SUPPORTING,20,https://placeholder.com/no_image.jpg,2025-04-06 20:52:34
10728,Momochi Zabuza,,SUPPORTING,20,https://cdn.myanimelist.net/images/characters/14/103706.jpg?s=4550a5e0c0af5a9f355a000386954d38,2025-03-30 21:11:15
10791,Ebisu,,SUPPORTING,20,https://cdn.myanimelist.net/images/characters/7/104660.jpg?s=ded9ad1ef8ed616f3cfba2974f822f7f,2025-04-06 20:52:34
10809,Mitarashi Anko,,SUPPORTING,20,https://cdn.myanimelist.net/images/characters/8/66177.jpg?s=dd1055043101c23d89c332873170f962,2025-04-06 20:52:34
11813,Shukaku,,SUPPORTING,20,https://cdn.myanimelist.net/images/characters/16/62812.jpg?s=c16d67dab7ccd31a6b0c639a504fc2b6,2025-04-06 20:52:34
12405,Yakushi Kabuto,,SUPPORTING,20,https://cdn.myanimelist.net/images/characters/14/82459.jpg?s=81d3435c2ca60c6acbea9da7bc7ba6c4,2025-03-30 21:11:15
12464,Senju Hashirama,,SUPPORTING,9085230,https://cdn.myanimelist.net/images/characters/10/34809.jpg?s=9a7605792e5daa2cd71b4f4695017b21,2025-03-30 21:11:15
12465,Senju Tobirama,,SUPPORTING,20,https://cdn.myanimelist.net/images/characters/2/293367.jpg?s=368e32b777d1652b75597ceb0808fd05,2025-04-06 20:52:34
12563,Hyuuga Hanabi,,SUPPORTING,20,https://placeholder.com/no_image.jpg,2025-04-06 20:52:34
12766,Pakkun,,SUPPORTING,20,https://cdn.myanimelist.net/images/characters/13/54922.jpg?s=d5ad8c7e353fd173d020ef72fbadd3f3,2025-03-30 15:23:40
13017,Yashamaru,,SUPPORTING,20,https://cdn.myanimelist.net/images/characters/13/103943.jpg?s=6d629e23e1ee454ea6ac6d780629d450,2025-04-06 20:52:34
13150,Zetsu,,SUPPORTING,20,https://cdn.myanimelist.net/images/characters/11/76260.jpg?s=f677ce2557f67393a92943f4b21270ab,2025-04-06 20:52:34
13454,Kazamatsuri Moegi,,SUPPORTING,20,https://cdn.myanimelist.net/images/characters/16/110944.jpg?s=5f8e5adbf660bbf2b12cf7f18589b8e9,21/2/2022
14032,Kamizuki Izumo,,SUPPORTING,20,https://cdn.myanimelist.net/images/characters/12/104663.jpg?s=2ae515dad36ebe3e30c9f36155fb5e56,2025-04-06 20:52:34
14775,Sarutobi Asuma,,SUPPORTING,20,https://cdn.myanimelist.net/images/characters/13/82538.jpg?s=5196f696350f23474767acdf6efc6b8f,2025-04-06 20:52:34
15039,Hyuuga Hiashi,,SUPPORTING,20,https://cdn.myanimelist.net/images/characters/11/103836.jpg?s=ee29dfbb0ceaba845e7baf1d2973405a,2025-04-06 20:52:34
15045,Uzuki Yugao,,SUPPORTING,20,https://cdn.myanimelist.net/images/characters/15/232233.jpg?s=c9e3a2d3deea5b8ca06b92593410bc71,2025-04-06 20:52:34
15072,Yamanaka Inoichi,,SUPPORTING,20,https://cdn.myanimelist.net/images/characters/10/103837.jpg?s=b2e6470593966071b495ca22130eeb0f,2025-04-06 20:52:34
15073,Inuzuka Hana,,SUPPORTING,20,https://cdn.myanimelist.net/images/characters/15/166499.jpg?s=d444af94f64ccedaf8bace8f103cf3b4,2025-04-06 20:52:34
15074,Inuzuka Tsume,,SUPPORTING,20,https://cdn.myanimelist.net/images/characters/12/103831.jpg?s=2a8ca532d72a28e03103f3ca4da854ed,2025-04-06 20:52:34
15077,Tsunami,,SUPPORTING,0,https://cdn.myanimelist.net/images/characters/16/58401.jpg?s=507d1849662bf29561659f2b42f801bc,2025-04-06 20:52:34
15081,Baki,,SUPPORTING,20,https://cdn.myanimelist.net/images/characters/3/103833.jpg?s=55731fecf3505c870eb10480c5a08587,2025-04-06 20:52:34
15145,Yotaka,,SUPPORTING,9542872,https://cdn.myanimelist.net/images/characters/5/62787.jpg?s=d65d7be6fc27234bcc5bacd16739c37f,2025-04-06 20:52:34
15176,Fuuma Kamikiri,,SUPPORTING,20,https://cdn.myanimelist.net/images/characters/13/63709.jpg?s=86ed81ec920366d296d2533364e1eb24,2025-04-06 20:52:34
15177,Fuuma Sasame,,SUPPORTING,20,https://cdn.myanimelist.net/images/characters/10/57172.jpg?s=69bcddb9ca21b6bfb797f0b768c73855,2025-04-06 20:52:34
15178,Haruna,,SUPPORTING,20,https://cdn.myanimelist.net/images/characters/13/66168.jpg?s=e4ae19d946f19990794862b7aaee7c8c,2025-04-06 20:52:34
15179,Shigure,,SUPPORTING,20,https://cdn.myanimelist.net/images/characters/14/110943.jpg?s=b2b4dcb556d05b65798e27f65091e8b7,2025-04-06 20:52:34
15757,Enma,,SUPPORTING,20,https://cdn.myanimelist.net/images/characters/2/158745.jpg?s=273fc4a8efd0a327b4694531e85ee9e0,2025-04-06 20:52:34
15759,Mizura,,SUPPORTING,20,https://cdn.myanimelist.net/images/characters/8/62804.jpg?s=0dad57fdb56dd9d64ca62b9793a0c40b,2025-04-06 20:52:34
16164,Gouzu,,SUPPORTING,20,https://cdn.myanimelist.net/images/characters/16/74497.jpg?s=874a6ed56b94d55c6325fbd6d2187566,2025-04-06 20:52:34
16165,Meizu,,SUPPORTING,20,https://cdn.myanimelist.net/images/characters/16/74494.jpg?s=267f649946d4c04800efb715f1433204,2025-04-06 20:52:34
16304,Hagane Kotetsu,,SUPPORTING,20,https://cdn.myanimelist.net/images/characters/4/104662.jpg?s=c689d1dd76d9921dd6598fd4e9658232,2025-04-06 20:52:34
16321,Toki,,SUPPORTING,20,https://cdn.myanimelist.net/images/characters/16/57642.jpg?s=9e96af8d4cfee54f67801e8222a284ac,2025-04-06 20:52:34
16952,Gamatatsu,,SUPPORTING,20,https://cdn.myanimelist.net/images/characters/13/62776.jpg?s=b739ffebbce00c375e4788c5215c974e,2025-04-06 20:52:34
16973,Uchiha Fugaku,,SUPPORTING,20,https://cdn.myanimelist.net/images/characters/12/103948.jpg?s=1bd273d4b4fcc2373f19d2d9ac299f3d,2025-04-06 20:52:34
16974,Mubi,,SUPPORTING,20,https://cdn.myanimelist.net/images/characters/8/58258.jpg?s=aa127e0bc2a822dd86e849f15f0febac,8/5/2021
16975,Houki,,SUPPORTING,20,https://cdn.myanimelist.net/images/characters/13/66171.jpg?s=cad84e6a8103d2c12dfcd83dfdcf90d9,13/4/2020
16976,Wasabi Jirouchou,,SUPPORTING,20,https://cdn.myanimelist.net/images/characters/16/56420.jpg?s=081620f38eb1fc3393ddfa018ee5297b,2025-04-06 20:52:34
16999,Gamakichi,,SUPPORTING,20,https://cdn.myanimelist.net/images/characters/13/54034.jpg?s=a1d0d1302e022358635f63c07e8429ce,2025-04-06 20:52:34
17165,Chishima,,SUPPORTING,20,https://cdn.myanimelist.net/images/characters/9/63540.jpg?s=e4e114ada252289d19750b4a877f193a,2025-04-06 20:52:34
17197,Tazuna,,SUPPORTING,20,https://cdn.myanimelist.net/images/characters/15/53360.jpg?s=cf1c21af6209f5bb9d82f5c4892a83dc,2025-04-06 20:52:34
17199,Genno,,SUPPORTING,20,https://cdn.myanimelist.net/images/characters/8/62778.jpg?s=cad1bb4c3124a3a6c30a352c25c04d46,2025-04-06 20:52:34
17200,Todoroki,,SUPPORTING,20,https://cdn.myanimelist.net/images/characters/3/66166.jpg?s=1f7c3572dc2bf62797a7f73c784540c0,2025-04-06 20:52:34
17298,Namiashi Raidou,,SUPPORTING,20,https://cdn.myanimelist.net/images/characters/10/61075.jpg?s=a289ddfea01612615bd12f09ca4d27f3,2025-04-06 20:52:34
17302,Karashi,,SUPPORTING,20,https://cdn.myanimelist.net/images/characters/13/57107.jpg?s=9ca59a409730ca411b5984cf61a1a14a,2025-04-06 20:52:34
17305,Ryuugan,,SUPPORTING,20,https://cdn.myanimelist.net/images/characters/3/57108.jpg?s=5df542deeb2f65c79c0d08fab063a160,2025-04-06 20:52:34
17307,Hikyakuya Fukusuke,,SUPPORTING,20,https://cdn.myanimelist.net/images/characters/14/66517.jpg?s=23c232aa2473e337f6e06fce77b7864d,2025-04-06 20:52:34
17310,Ayame,,SUPPORTING,20,https://cdn.myanimelist.net/images/characters/11/130515.jpg?s=e47667162694ef2dd32847cebb0b2a21,2025-04-06 20:52:34
17312,Teuchi,,SUPPORTING,20,https://cdn.myanimelist.net/images/characters/14/62801.jpg?s=f109b4042f55fcf076099cea211591b6,2025-04-06 20:52:34
17313,Fuuma Jigumo,,SUPPORTING,20,https://cdn.myanimelist.net/images/characters/3/66518.jpg?s=3980711fbffae5453c8f160669e6d75c,2025-04-06 20:52:34
17316,Fuuma Arashi,,SUPPORTING,20,https://cdn.myanimelist.net/images/characters/8/57469.jpg?s=d251c959af0cf7d1fc32fc4bee1b4991,2025-04-06 20:52:34
17414,Ranmaru,,SUPPORTING,20,https://cdn.myanimelist.net/images/characters/11/55003.jpg?s=11866279222acc75ada8b0353e6af433,2025-04-06 20:52:34
17424,Hokushin,,SUPPORTING,20,https://cdn.myanimelist.net/images/characters/14/62767.jpg?s=9b159f9cb1bb8ce2a77c7ae0e2c70121,10/11/2023
17425,Renga,,SUPPORTING,0,https://cdn.myanimelist.net/images/characters/8/58241.jpg?s=4159a4350a59e3302a1c8ce8b0ad71d3,2025-04-06 20:52:34
17535,Genzou,,SUPPORTING,9738509,https://cdn.myanimelist.net/images/characters/4/66172.jpg?s=de0e8bb08032f5ae069af04079e83290,2025-04-06 20:52:34
17536,Gatsu,,SUPPORTING,20,https://cdn.myanimelist.net/images/characters/13/63539.jpg?s=5324125b99b03945056d526e905e890e,2025-04-06 20:52:34
17537,Dengaku,,SUPPORTING,20,https://cdn.myanimelist.net/images/characters/9/537908.jpg?s=81ab248e1dceab2044da30c352ee30d5,2025-04-06 20:52:34
17538,Akado Manabu,,SUPPORTING,20,https://cdn.myanimelist.net/images/characters/2/86790.jpg?s=5a399336b508b53c53287ec017086beb,2025-04-06 20:52:34
17539,Hokuto,,SUPPORTING,20,https://cdn.myanimelist.net/images/characters/9/63538.jpg?s=9bff001f1cf55c3d0740a90d1a0c89fb,2025-04-06 20:52:34
17540,Mondai,,SUPPORTING,20,https://cdn.myanimelist.net/images/characters/4/555901.jpg?s=b4219edd949f8ba718f8760ef956656a,2025-04-06 20:52:34
17541,Nagare,,SUPPORTING,20,https://cdn.myanimelist.net/images/characters/15/66488.jpg?s=b6e5d3c20c2b2064cf56f12af493235d,2025-04-06 20:52:34
17542,Nanafushi,,SUPPORTING,20,https://cdn.myanimelist.net/images/characters/7/63537.jpg?s=1c71abf02b0903c1c6edfd9b54e950eb,2025-04-06 20:52:34
17543,Nan,,SUPPORTING,20,https://cdn.myanimelist.net/images/characters/8/140157.jpg?s=a030a9602a156caf683ada7d8976558c,2025-04-06 20:52:34
17544,Kazabune,,SUPPORTING,20,https://cdn.myanimelist.net/images/characters/13/66158.jpg?s=2c5dcdd973fce04c63d518e596e4efda,2025-04-06 20:52:34
17545,Kurama Yakumo,,SUPPORTING,20,https://cdn.myanimelist.net/images/characters/2/556776.jpg?s=bbfa9397cb249318cac80a9a1a514c32,2025-04-06 20:52:34
17546,Sazanami,,SUPPORTING,20,https://cdn.myanimelist.net/images/characters/8/63536.jpg?s=eb62fc3e11df23d866b1a78b4d797ad1,2025-04-06 20:52:34
17547,Senta,,SUPPORTING,20,https://cdn.myanimelist.net/images/characters/13/57857.jpg?s=2aef0f9731d2f2ca93c0ff5ad295c4b3,2025-04-06 20:52:34
17548,Shinemon,,SUPPORTING,20,https://cdn.myanimelist.net/images/characters/12/66159.jpg?s=dfc24aa973c4d2c1615f2052584b14ff,2025-04-06 20:52:34
17549,Yajirobee,,SUPPORTING,20,https://cdn.myanimelist.net/images/characters/6/86778.jpg?s=3d56da37f8699b46e82784699479e873,2025-04-06 20:52:34
17551,Tanzou,,SUPPORTING,20,https://cdn.myanimelist.net/images/characters/8/66173.jpg?s=06542938caae29fda9b7fb04184a60a3,2025-04-06 20:52:34
17552,Waraji,,SUPPORTING,20,https://cdn.myanimelist.net/images/characters/9/66174.jpg?s=91d2ed7c480213b896aa1f762ca59078,2025-04-06 20:52:34
17553,Yamashiro Aoba,,SUPPORTING,20,https://cdn.myanimelist.net/images/characters/10/158739.jpg?s=3b4ee6aa8529967c6768e6baf08f97b6,2025-04-06 20:52:34
17557,Kamizuru Jibachi,,SUPPORTING,20,https://cdn.myanimelist.net/images/characters/8/63378.jpg?s=4256a664cc6e92995286bb3ad93a09b9,2025-04-06 20:52:34
17619,Oboro,,SUPPORTING,20,https://cdn.myanimelist.net/images/characters/3/62795.jpg?s=8273560ec7513d3e0f6284f8dc7dd2c3,2025-04-06 20:52:34
17666,Tsubaki,,SUPPORTING,20,https://cdn.myanimelist.net/images/characters/11/66175.jpg?s=841f72e517da1a9b2fc439716cefe5d0,2025-04-06 20:52:34
18056,Nara Shikaku,,SUPPORTING,9295955,https://cdn.myanimelist.net/images/characters/2/100214.jpg?s=23ba0304e5dd735219998bdbdf9e21da,2025-04-06 20:52:34
18810,Menma,,SUPPORTING,20,https://cdn.myanimelist.net/images/characters/5/57869.jpg?s=c9a65ff03d74f84b678c3393e76140da,2025-03-30 15:23:40
19244,Kinuta Dosu,,SUPPORTING,20,https://cdn.myanimelist.net/images/characters/14/36354.jpg?s=0332b5441c2938506646832a2075fc32,2025-04-06 20:52:34
19253,Touji Mizuki,,SUPPORTING,20,https://cdn.myanimelist.net/images/characters/9/57467.jpg?s=e4645af4f58901ab747cb4265e914015,28/5/2023
19680,Tsuchi Kin,,SUPPORTING,20,https://cdn.myanimelist.net/images/characters/7/66504.jpg?s=80e3346c8143cf804b3522dba532c13b,2025-03-30 15:23:40
20274,Giichi,,SUPPORTING,20,https://cdn.myanimelist.net/images/characters/3/66545.jpg?s=790df38411c5b4b751d7cd9b42b9985f,2025-04-06 20:52:34
20276,Jantou,,SUPPORTING,20,https://cdn.myanimelist.net/images/characters/12/537910.jpg?s=4e32dd8c118d9bc72955278f994abce9,2025-04-06 20:52:34
20277,Kusabi,,SUPPORTING,20,https://cdn.myanimelist.net/images/characters/12/86782.jpg?s=23f8fe30f041889e5ede45d718a4fa15,2025-04-06 20:52:34
20278,Hachidai,,SUPPORTING,20,https://cdn.myanimelist.net/images/characters/9/115731.jpg?s=43b585c73b0080f17daa5dffac38db13,2025-04-06 20:52:34
20279,Hakkaku,,SUPPORTING,20,https://cdn.myanimelist.net/images/characters/6/66540.jpg?s=192474dad6b9d50e73f2523dcc9633e4,2025-04-06 20:52:34
20645,Akane,,SUPPORTING,20,https://cdn.myanimelist.net/images/characters/11/66541.jpg?s=db17d05fabd4c56ab0954e201e2b7d40,2025-04-06 20:52:34
20698,Akahoshi,,SUPPORTING,20,https://cdn.myanimelist.net/images/characters/7/57543.jpg?s=38e0bf9f45bf7e46bb18bb4b38cb6ae9,2025-03-30 21:11:15
20700,Akio,,SUPPORTING,20,https://cdn.myanimelist.net/images/characters/13/62769.jpg?s=486192f83af54566dc4ec46ba4e3d78f,2025-04-06 20:52:34
21122,Uchiha Mikoto,,SUPPORTING,20,https://cdn.myanimelist.net/images/characters/6/103949.jpg?s=67135a760c60ac7cbc7709090b21c17b,2025-04-06 20:52:34
21365,Inari,,SUPPORTING,20,https://cdn.myanimelist.net/images/characters/8/66542.jpg?s=ae90ead66827caee405654169c1d62df,2025-04-06 20:52:34
22247,Nara Yoshino,,SUPPORTING,20,https://cdn.myanimelist.net/images/characters/9/62786.jpg?s=ba1af85295f42df175be9d8b4abba9ad,2025-04-06 20:52:34
22248,Karura,,SUPPORTING,20,https://cdn.myanimelist.net/images/characters/16/225775.jpg?s=adf38059e2bf7cb4c12b62d00c548575,2025-04-06 20:52:34
22464,Senju Hashirama,,SUPPORTING,20,https://cdn.myanimelist.net/images/characters/10/34809.jpg?s=9a7605792e5daa2cd71b4f4695017b21,2025-03-30 21:11:15
22648,Mitokado Homura,,SUPPORTING,9075671,https://cdn.myanimelist.net/images/characters/16/103955.jpg?s=7d8dd18334e6a3ea858ef83f2143f40a,2025-04-06 20:52:34
22649,Utatane Koharu,,SUPPORTING,20,https://cdn.myanimelist.net/images/characters/3/103956.jpg?s=e23b167bd6014bdeeee43d0db4fe2b1d,2025-04-06 20:52:34
22876,Katou Dan,,SUPPORTING,0,https://cdn.myanimelist.net/images/characters/15/103946.jpg?s=1daafb671133a56961180019179944cd,2025-04-06 20:52:34
22880,Hyuuga Hizashi,,SUPPORTING,20,https://cdn.myanimelist.net/images/characters/10/103835.jpg?s=c9429dec280f793007cf80f8caba7746,2025-04-06 20:52:34
22881,Kuromaru,,SUPPORTING,20,https://cdn.myanimelist.net/images/characters/7/103834.jpg?s=b08a041e79fff1608b77c721ad09e1da,2025-04-06 20:52:34
22884,Nawaki,,SUPPORTING,9179194,https://cdn.myanimelist.net/images/characters/3/103950.jpg?s=c4a20a1dde848f0a7c4b12c3d022bdc3,2025-04-06 20:52:34
22889,Uchiha Tekka,,SUPPORTING,9811549,https://cdn.myanimelist.net/images/characters/8/86796.jpg?s=fc107ccdf55729162c9f693a22075db1,2025-04-06 20:52:34
22891,Uchiha Inabi,,SUPPORTING,9064221,https://cdn.myanimelist.net/images/characters/11/66477.jpg?s=fbe797efefdeb68d9ee2cdf73ee70cc9,2025-04-06 20:52:34
22908,Uchiha Yashiro,,SUPPORTING,20,https://cdn.myanimelist.net/images/characters/3/63710.jpg?s=499ad3c7790fa36cf5c8791e8e113dbe,2025-04-06 20:52:34
22920,Rasa,,SUPPORTING,20,https://cdn.myanimelist.net/images/characters/3/103604.jpg?s=b98324630fedff5c437acbaa45832db5,2025-04-06 20:52:34
22921,Tsurugi Misumi,,SUPPORTING,20,https://cdn.myanimelist.net/images/characters/10/104667.jpg?s=045158b54045938853e41ecd1f285818,2025-04-06 20:52:34
22922,Genyuumaru,,SUPPORTING,20,https://cdn.myanimelist.net/images/characters/8/66533.jpg?s=2e8749b312e366dac4171954678cccc7,2025-04-06 20:52:34
22923,Morino Ibiki,,SUPPORTING,20,https://cdn.myanimelist.net/images/characters/11/104672.jpg?s=b8200c863a19fe5d963b21e954efc948,2025-04-06 20:52:34
22931,Zouri,,SUPPORTING,20,https://cdn.myanimelist.net/images/characters/6/62818.jpg?s=09c9ae4257eb68383403a95ba8566814,2025-04-06 20:52:34
22996,Kaiza,,SUPPORTING,20,https://cdn.myanimelist.net/images/characters/2/66536.jpg?s=ac7e300d879023a08bf3a644c8357218,2025-04-06 20:52:34
23006,Ami,,SUPPORTING,20,https://cdn.myanimelist.net/images/characters/8/66497.jpg?s=d8cae2c3208d7c910e02490fe6a31384,2025-04-06 20:52:34
23017,Yashamaru,,SUPPORTING,20,https://cdn.myanimelist.net/images/characters/13/103943.jpg?s=6d629e23e1ee454ea6ac6d780629d450,2025-03-30 15:23:40
23052,Ise Udon,,SUPPORTING,20,https://cdn.myanimelist.net/images/characters/2/91366.jpg?s=d65c9ef3d5d16b21a7328b217bc9f6e4,2025-04-06 20:52:34
23053,Hiruko,,SUPPORTING,20,https://cdn.myanimelist.net/images/characters/13/69007.jpg?s=34b5207972f609166676b20094607f3f,2025-04-06 20:52:34
23056,Kagari,,SUPPORTING,9150641,https://cdn.myanimelist.net/images/characters/14/66498.jpg?s=8ba6e48897cc7f1412d64d121bc0d6f7,2025-04-06 20:52:34
23081,Baiu,,SUPPORTING,20,https://cdn.myanimelist.net/images/characters/8/66499.jpg?s=0ef68a611ec7d242be32fd320ee807f1,2025-04-06 20:52:34
23083,Midare,,SUPPORTING,20,https://cdn.myanimelist.net/images/characters/9/86793.jpg?s=71e37d30b47e6dd24e08a9cb128c9e77,2025-04-06 20:52:34
23140,Tobitake Tonbo,,SUPPORTING,20,https://cdn.myanimelist.net/images/characters/3/86803.jpg?s=d6d21b045da1b9425532adec1075b810,2025-04-06 20:52:34
23143,Uchiha Teyaki,,SUPPORTING,20,https://cdn.myanimelist.net/images/characters/11/66479.jpg?s=20d21448fa9ffa756dd10f253713c42a,6/1/2021
23144,Uchiha Uruchi,,SUPPORTING,20,https://cdn.myanimelist.net/images/characters/8/66478.jpg?s=2313c082fad87d2e397e22beddd64fb7,2025-04-06 20:52:34
23145,Shiba,,SUPPORTING,20,https://cdn.myanimelist.net/images/characters/10/86804.jpg?s=7634d10c90ea9f531a846316bee99f63,2025-04-06 20:52:34
23153,Shiore,,SUPPORTING,20,https://cdn.myanimelist.net/images/characters/10/66502.jpg?s=2568729a2ee7f897f6783789f4bab0ae,2025-04-06 20:52:34
23154,Suzume,,SUPPORTING,20,https://cdn.myanimelist.net/images/characters/2/104661.jpg?s=9f95512015f34152c03918aec3664188,2025-04-06 20:52:34
23155,Hijiri Shimon,,SUPPORTING,20,https://cdn.myanimelist.net/images/characters/9/86788.jpg?s=3348003fe5cecad102db2c1425eb4e0c,2025-04-06 20:52:34
23156,Shibire,,SUPPORTING,20,https://cdn.myanimelist.net/images/characters/10/66501.jpg?s=cbee9c8d03d4bc2084639e707819fd01,2025-04-06 20:52:34
23215,Sagi,,SUPPORTING,0,https://cdn.myanimelist.net/images/characters/6/86794.jpg?s=f065fc39ff39e5a251abaa8033ce1d92,2025-04-06 20:52:34
23569,Guruko,,SUPPORTING,20,https://cdn.myanimelist.net/images/characters/8/66154.jpg?s=db0077d29c1d90928be7d23d75c2a86a,2025-04-06 20:52:34
23759,Tatami Iwashi,,SUPPORTING,20,https://cdn.myanimelist.net/images/characters/9/66507.jpg?s=dc52c84ff068a1edfe16db6111b1b849,2025-04-06 20:52:34
24324,Tobio,,SUPPORTING,20,https://cdn.myanimelist.net/images/characters/12/66500.jpg?s=b36f1ad66e3a60c1ebbb49533436352e,2025-04-06 20:52:34
25074,Inuzuka Tsume,,SUPPORTING,20,https://cdn.myanimelist.net/images/characters/12/103831.jpg?s=2a8ca532d72a28e03103f3ca4da854ed,2025-04-06 20:52:34
25145,Yotaka,,SUPPORTING,20,https://cdn.myanimelist.net/images/characters/5/62787.jpg?s=d65d7be6fc27234bcc5bacd16739c37f,2025-03-30 15:23:40
25177,Fuuma Sasame,,SUPPORTING,20,https://cdn.myanimelist.net/images/characters/10/57172.jpg?s=69bcddb9ca21b6bfb797f0b768c73855,2025-04-06 20:52:34
25179,Shigure,,SUPPORTING,20,https://cdn.myanimelist.net/images/characters/14/110943.jpg?s=b2b4dcb556d05b65798e27f65091e8b7,2025-03-30 15:23:40
25759,Mizura,,SUPPORTING,20,https://cdn.myanimelist.net/images/characters/8/62804.jpg?s=0dad57fdb56dd9d64ca62b9793a0c40b,2025-03-30 21:11:15
26974,Mubi,,SUPPORTING,20,https://cdn.myanimelist.net/images/characters/8/58258.jpg?s=aa127e0bc2a822dd86e849f15f0febac,2025-03-30 15:23:40
26999,Gamakichi,,SUPPORTING,20,https://cdn.myanimelist.net/images/characters/13/54034.jpg?s=a1d0d1302e022358635f63c07e8429ce,2025-04-06 20:52:34
27414,Ranmaru,,SUPPORTING,20,https://cdn.myanimelist.net/images/characters/11/55003.jpg?s=11866279222acc75ada8b0353e6af433,2025-04-06 20:52:34
27538,Akado Manabu,,SUPPORTING,20,https://cdn.myanimelist.net/images/characters/2/86790.jpg?s=5a399336b508b53c53287ec017086beb,2025-03-30 15:23:40
27540,Mondai,,SUPPORTING,20,https://cdn.myanimelist.net/images/characters/4/555901.jpg?s=b4219edd949f8ba718f8760ef956656a,2025-03-30 15:23:40
27543,Nan,,SUPPORTING,20,https://cdn.myanimelist.net/images/characters/8/140157.jpg?s=a030a9602a156caf683ada7d8976558c,2025-04-06 20:52:34
27688,Fuuma Kotohime,,SUPPORTING,20,https://cdn.myanimelist.net/images/characters/10/70340.jpg?s=3d624e6155377aa9336adaa50e426519,2025-04-06 20:52:34
30277,Kusabi,,SUPPORTING,20,https://cdn.myanimelist.net/images/characters/12/86782.jpg?s=23f8fe30f041889e5ede45d718a4fa15,2025-04-06 20:52:34
31122,Uchiha Mikoto,,SUPPORTING,20,https://cdn.myanimelist.net/images/characters/6/103949.jpg?s=67135a760c60ac7cbc7709090b21c17b,2025-03-30 15:23:40
31197,Morino Idate,,SUPPORTING,9266153,https://cdn.myanimelist.net/images/characters/8/86789.jpg?s=11e2602c4aa0820d20229c95eb0a42c2,2025-04-06 20:52:34
31365,Inari,,SUPPORTING,20,https://cdn.myanimelist.net/images/characters/8/66542.jpg?s=ae90ead66827caee405654169c1d62df,2025-03-30 21:11:15
31828,Jouseki,,SUPPORTING,20,https://cdn.myanimelist.net/images/characters/10/559338.jpg?s=010b9c00af92f36282707d885e79f2b6,2025-04-06 20:52:34
32880,Hyuuga Hizashi,,SUPPORTING,20,https://cdn.myanimelist.net/images/characters/10/103835.jpg?s=c9429dec280f793007cf80f8caba7746,2025-04-06 20:52:34
32891,Uchiha Inabi,,SUPPORTING,20,https://cdn.myanimelist.net/images/characters/11/66477.jpg?s=fbe797efefdeb68d9ee2cdf73ee70cc9,2025-03-30 15:23:40
32908,Uchiha Yashiro,,SUPPORTING,20,https://cdn.myanimelist.net/images/characters/3/63710.jpg?s=499ad3c7790fa36cf5c8791e8e113dbe,2025-03-30 15:23:40
32996,Kaiza,,SUPPORTING,20,https://cdn.myanimelist.net/images/characters/2/66536.jpg?s=ac7e300d879023a08bf3a644c8357218,2025-04-06 20:52:34
33056,Kagari,,SUPPORTING,20,https://cdn.myanimelist.net/images/characters/14/66498.jpg?s=8ba6e48897cc7f1412d64d121bc0d6f7,2025-03-30 15:23:40
33143,Uchiha Teyaki,,SUPPORTING,20,https://cdn.myanimelist.net/images/characters/11/66479.jpg?s=20d21448fa9ffa756dd10f253713c42a,2025-03-30 15:23:40
33144,Uchiha Uruchi,,SUPPORTING,20,https://cdn.myanimelist.net/images/characters/8/66478.jpg?s=2313c082fad87d2e397e22beddd64fb7,2025-03-30 15:23:40
33154,Suzume,,SUPPORTING,20,https://cdn.myanimelist.net/images/characters/2/104661.jpg?s=9f95512015f34152c03918aec3664188,2025-03-30 15:23:40
33155,Hijiri Shimon,,SUPPORTING,20,https://cdn.myanimelist.net/images/characters/9/86788.jpg?s=3348003fe5cecad102db2c1425eb4e0c,2025-03-30 21:11:15
33156,Shibire,,SUPPORTING,20,https://cdn.myanimelist.net/images/characters/10/66501.jpg?s=cbee9c8d03d4bc2084639e707819fd01,2025-04-06 20:52:34
33215,Sagi,,SUPPORTING,20,https://cdn.myanimelist.net/images/characters/6/86794.jpg?s=f065fc39ff39e5a251abaa8033ce1d92,2025-03-30 15:23:40
34075,Bisuke,,SUPPORTING,20,https://cdn.myanimelist.net/images/characters/16/92486.jpg?s=dcbad5dc292d32c538c7480252826248,2025-04-06 20:52:34
37688,Fuuma Kotohime,,SUPPORTING,20,https://cdn.myanimelist.net/images/characters/10/70340.jpg?s=3d624e6155377aa9336adaa50e426519,2025-03-30 21:11:15
37929,Manda,,SUPPORTING,0,https://cdn.myanimelist.net/images/characters/10/103617.jpg?s=6483a9be515b926ec009cd9ebeba850e,2025-04-06 20:52:34
41197,Morino Idate,,SUPPORTING,20,https://cdn.myanimelist.net/images/characters/8/86789.jpg?s=11e2602c4aa0820d20229c95eb0a42c2,2025-03-30 21:11:15
41366,Ukon,,SUPPORTING,20,https://cdn.myanimelist.net/images/characters/3/112579.jpg?s=034c67cf8ab22788a8e7c0535252c0ff,2025-04-06 20:52:34
41828,Jouseki,,SUPPORTING,20,https://cdn.myanimelist.net/images/characters/10/559338.jpg?s=010b9c00af92f36282707d885e79f2b6,2025-03-30 15:23:40
43923,Kunihisa,,SUPPORTING,20,https://cdn.myanimelist.net/images/characters/4/120598.jpg?s=6da59fcbb63b7c647472957b76acb507,2025-04-06 20:52:34
43924,Kunijirou,,SUPPORTING,20,https://cdn.myanimelist.net/images/characters/3/120599.jpg?s=30f98207d94fc87a343a914b1bf29db2,2025-04-06 20:52:34
43972,Matsuri,,SUPPORTING,20,https://cdn.myanimelist.net/images/characters/3/120890.jpg?s=5048ad02586cadf58c972fda393f5b04,2025-04-06 20:52:34
44075,Bisuke,,SUPPORTING,20,https://cdn.myanimelist.net/images/characters/16/92486.jpg?s=dcbad5dc292d32c538c7480252826248,2025-04-06 20:52:34
46605,Shibuki,,SUPPORTING,20,https://cdn.myanimelist.net/images/characters/16/274003.jpg?s=babbbc356bee94b06af449bb315bf498,2025-04-06 20:52:34
50957,Ran,,SUPPORTING,20,https://cdn.myanimelist.net/images/characters/13/140139.jpg?s=d9d578e53e883a9cd4deece467c9c470,3/12/2021
53972,Matsuri,,SUPPORTING,20,https://cdn.myanimelist.net/images/characters/3/120890.jpg?s=5048ad02586cadf58c972fda393f5b04,2025-03-30 21:11:15
56605,Shibuki,,SUPPORTING,20,https://cdn.myanimelist.net/images/characters/16/274003.jpg?s=babbbc356bee94b06af449bb315bf498,2025-03-30 15:23:40
60957,Ran,,SUPPORTING,20,https://cdn.myanimelist.net/images/characters/13/140139.jpg?s=d9d578e53e883a9cd4deece467c9c470,2025-03-30 15:23:40
63793,Gatou,,SUPPORTING,20,https://cdn.myanimelist.net/images/characters/13/168503.jpg?s=5bcc36585ee1fa95c4942a0ee03c9700,2025-04-06 20:52:34
67289,Haruno Mebuki,,SUPPORTING,20,https://cdn.myanimelist.net/images/characters/13/175237.jpg?s=bcc49be06c3b43c9c54c29b0dd18235a,2025-04-06 20:52:34
77693,Natsuhi,,SUPPORTING,20,https://cdn.myanimelist.net/images/characters/9/193691.jpg?s=ff8be52a854ccd3462d1138a96be535a,2025-04-06 20:52:34
82609,Sumaru,,SUPPORTING,20,https://cdn.myanimelist.net/images/characters/11/537912.jpg?s=483eb89088896d4a21aa7aee497d1cc6,2025-04-06 20:52:34
83755,Gantetsu,,SUPPORTING,20,https://cdn.myanimelist.net/images/characters/7/532813.jpg?s=8c3b77cad493ec9c43117790aa5a2980,2025-04-06 20:52:34
88313,Hakus Mother,,SUPPORTING,20,https://cdn.myanimelist.net/images/characters/9/214103.jpg?s=0db5e4e747583a8d7aa0ae7ba7626905,2025-04-06 20:52:34
90849,Tonton,,SUPPORTING,20,https://cdn.myanimelist.net/images/characters/4/218401.jpg?s=4be1fcf1e0e1f944237aa973bad9493d,2025-04-06 20:52:34
91137,Kujaku,,SUPPORTING,20,https://cdn.myanimelist.net/images/characters/12/537911.jpg?s=4949a777f1145e6a9a96aa37e715f9f8,2025-04-06 20:52:34
92609,Sumaru,,SUPPORTING,20,https://cdn.myanimelist.net/images/characters/11/537912.jpg?s=483eb89088896d4a21aa7aee497d1cc6,2025-03-30 15:23:40
93755,Gantetsu,,SUPPORTING,20,https://cdn.myanimelist.net/images/characters/7/532813.jpg?s=8c3b77cad493ec9c43117790aa5a2980,2025-03-30 21:11:15
129493,Kurama Unkai,,SUPPORTING,20,https://cdn.myanimelist.net/images/characters/6/283833.jpg?s=4e853b07094f923a234faa705f17a786,2025-04-06 20:52:34
149421,Akame Iwana,,SUPPORTING,9165651,https://cdn.myanimelist.net/images/characters/12/325684.jpg?s=abe1359d28e202f76eb782b24cabcb64,2025-04-06 20:52:34
149422,Bekkou,,SUPPORTING,20,https://cdn.myanimelist.net/images/characters/6/325683.jpg?s=f1957fbfe6dd38a03c349ef640fa9243,2025-04-06 20:52:34
149423,Ibara,,SUPPORTING,20,https://cdn.myanimelist.net/images/characters/14/325681.jpg?s=51916a8d70c90f84e843c5e658036c28,2025-04-06 20:52:34
149424,Tsubaki,,SUPPORTING,9707503,https://cdn.myanimelist.net/images/characters/13/325682.jpg?s=53ac207d2c654556cc8227ab7c5dfa5a,2025-04-06 20:52:34
160858,Fukuyokana,,SUPPORTING,20,https://cdn.myanimelist.net/images/characters/9/537909.jpg?s=814f40bd5f6ddf56bc9dc6ccb780497a,2025-04-06 20:52:34
160859,Shinayakana,,SUPPORTING,20,https://cdn.myanimelist.net/images/characters/15/355457.jpg?s=f2c854e6ec8b40219a460afae36d0d7a,2025-04-06 20:52:34
161288,Sanshou,,SUPPORTING,20,https://cdn.myanimelist.net/images/characters/7/464787.jpg?s=531f7b85fd2e0121f87e12312c90c1f2,2025-04-06 20:52:34
171288,Sanshou,,SUPPORTING,20,https://cdn.myanimelist.net/images/characters/7/464787.jpg?s=531f7b85fd2e0121f87e12312c90c1f2,2025-04-06 20:52:34
197866,Kamizuru Kurobachi,,SUPPORTING,20,https://cdn.myanimelist.net/images/characters/6/444635.jpg?s=a6e8ec4094da3a4e6be5c01ea4b0ad97,2025-04-06 20:52:34
197867,Kamizuru Suzumebachi,,SUPPORTING,20,https://cdn.myanimelist.net/images/characters/13/444636.jpg?s=585b42642c268be089bfab19f12a7ad6,2025-04-06 20:52:34
206139,Momiji,,SUPPORTING,20,https://cdn.myanimelist.net/images/characters/15/464788.jpg?s=bdf1ad315774476bb67cfda24160d579,2025-04-06 20:52:34
206141,Kagero,,SUPPORTING,0,https://cdn.myanimelist.net/images/characters/9/464790.jpg?s=d4da7295afd6f98b8afd362c6cfda7f8,2025-04-06 20:52:34
206142,Raijin,,SUPPORTING,20,https://cdn.myanimelist.net/images/characters/16/464791.jpg?s=138bce99873c30fdf60896db726ed32b,2025-04-06 20:52:34
206143,Fuujin,,SUPPORTING,20,https://cdn.myanimelist.net/images/characters/15/464793.jpg?s=b2cb6092a5fcf3a9897279cae0b29035,2025-04-06 20:52:34
206144,Koumei,,SUPPORTING,20,https://cdn.myanimelist.net/images/characters/10/464794.jpg?s=1eb43505445601242f18ea731e3f9d1b,2025-04-06 20:52:34
206145,Ruiga,,SUPPORTING,20,https://cdn.myanimelist.net/images/characters/3/464795.jpg?s=1d82fd93925c8761ceb83a5b3f06bb30,2025-04-06 20:52:34
216143,Fuujin,,SUPPORTING,20,https://cdn.myanimelist.net/images/characters/15/464793.jpg?s=b2cb6092a5fcf3a9897279cae0b29035,2025-03-30 21:11:15
227807,Kagetsu Futa,,SUPPORTING,20,https://cdn.myanimelist.net/images/characters/8/508743.jpg?s=b435c70d389970f54f58fe9c59cc8f3d,2025-04-06 20:52:34
227808,Kagetsu Toubei,,SUPPORTING,0,https://cdn.myanimelist.net/images/characters/12/508744.jpg?s=3e27198ea68486f1de5ebc7bd5127ff4,2025-04-06 20:52:34
227809,Kagetsu Tsukiko,,SUPPORTING,20,https://cdn.myanimelist.net/images/characters/5/508745.jpg?s=66cfaa34d36c7545635d43342606ebb5,2025-04-06 20:52:34
227810,Kagetsu Mai,,SUPPORTING,20,https://cdn.myanimelist.net/images/characters/7/508742.jpg?s=8aa640dc773d9cfe5a6f68ab2e105ae2,2025-04-06 20:52:34
227811,Kikunojou,,SUPPORTING,0,https://cdn.myanimelist.net/images/characters/6/508741.jpg?s=26aedaa8e589ec35e6fce2b60720d57c,2025-04-06 20:52:34
227812,Sanjurou Shura,,SUPPORTING,20,https://cdn.myanimelist.net/images/characters/11/508740.jpg?s=f00168ae85f53a9b762e1a76e450474c,2025-04-06 20:52:34
227898,Yurinojou,,SUPPORTING,20,https://cdn.myanimelist.net/images/characters/2/508923.jpg?s=f2485f18fc733f1d4f5e3b1d5bc0e15f,2025-04-06 20:52:34
227899,Hanzaki,,SUPPORTING,20,https://cdn.myanimelist.net/images/characters/3/508924.jpg?s=3b2a597b2c52e1cd26087dd7b86f7304,2025-04-06 20:52:34
227900,Houki,,SUPPORTING,20,https://cdn.myanimelist.net/images/characters/2/508925.jpg?s=e5f88a31eaed7b6cb95544db68cdca7c,2025-04-06 20:52:34
234151,Narrator,,SUPPORTING,20,https://cdn.myanimelist.net/images/questionmark_23.gif?s=f7dcbc4a4603d18356d3dfef8abd655c,2025-04-06 20:52:34
237807,Kagetsu Futa,,SUPPORTING,20,https://cdn.myanimelist.net/images/characters/8/508743.jpg?s=b435c70d389970f54f58fe9c59cc8f3d,2025-03-30 15:23:40
237809,Kagetsu Tsukiko,,SUPPORTING,20,https://cdn.myanimelist.net/images/characters/5/508745.jpg?s=66cfaa34d36c7545635d43342606ebb5,2025-03-30 21:11:15
237900,Houki,,SUPPORTING,20,https://cdn.myanimelist.net/images/characters/2/508925.jpg?s=e5f88a31eaed7b6cb95544db68cdca7c,2025-03-30 21:11:15
245051,Wagarashi Kyuuroku,,SUPPORTING,20,https://cdn.myanimelist.net/images/characters/13/542373.jpg?s=94a21398f97da9b75862b53e62be2cb4,2025-04-06 20:52:34
251508,Rokusuke,,SUPPORTING,20,https://cdn.myanimelist.net/images/characters/10/554151.jpg?s=10b0af701e7ea712a13fbb7145e45ed9,2025-04-06 20:52:34
251515,Sangorou,,SUPPORTING,20,https://cdn.myanimelist.net/images/characters/16/554159.jpg?s=ff7ecc33b5da4da06f45c3510322f76b,2025-04-06 20:52:34
251571,Sukeza,,SUPPORTING,20,https://cdn.myanimelist.net/images/characters/15/554281.jpg?s=26b2d12ea26a8b3b3c1ca3cb490a717f,2025-04-06 20:52:34
251864,Gosunkugi,,SUPPORTING,20,https://cdn.myanimelist.net/images/characters/11/554773.jpg?s=1024f1aee9455f5ae9dc0dfd8753d5db,2025-04-06 20:52:34
251865,Manaka Michizou,,SUPPORTING,20,https://cdn.myanimelist.net/images/characters/2/554774.jpg?s=79f3823ee5655d36831479dc1d53d51a,2025-04-06 20:52:34
252501,Potcha,,SUPPORTING,0,https://cdn.myanimelist.net/images/characters/12/555900.jpg?s=b05d1a35a11cfef057feabd868afca9e,2025-04-06 20:52:34
252721,Oowashi,,SUPPORTING,9085069,https://cdn.myanimelist.net/images/characters/3/556364.jpg?s=918b268e18714532d7fbc7c38f821789,2025-04-06 20:52:34
252722,Amachi,,SUPPORTING,20,https://cdn.myanimelist.net/images/characters/6/556367.jpg?s=3b4ac67c34a8743ee6b324e7ab4271e0,26/6/2020
252723,Hitode,,SUPPORTING,20,https://cdn.myanimelist.net/images/characters/12/556368.jpg?s=3c9149431fcb51a27e4b1146ec77be9f,2025-04-06 20:52:34
252724,Kaisen Agari,,SUPPORTING,0,https://cdn.myanimelist.net/images/characters/12/556369.jpg?s=a37e725dc17508bd9b32f9ced8f685cf,2025-04-06 20:52:34
252725,Hotarubi,,SUPPORTING,20,https://cdn.myanimelist.net/images/characters/12/556370.jpg?s=c550ea079613bed28cb76da0fe2642ca,2025-04-06 20:52:34
252726,Shisou,,SUPPORTING,20,https://cdn.myanimelist.net/images/characters/10/556371.jpg?s=8a935350b1fe330fccab08ed4dba70f4,2025-04-06 20:52:34
252729,Kagetsu Kiyoyasu,,SUPPORTING,9319750,https://cdn.myanimelist.net/images/characters/8/556382.jpg?s=4f32f6e6aafa9201b10af07517ae09a9,2025-04-06 20:52:34
252730,Jiga,,SUPPORTING,20,https://cdn.myanimelist.net/images/characters/11/556384.jpg?s=c406b8c4d04055d075945ddb47c137ab,2025-04-06 20:52:34
252731,Chikara,,SUPPORTING,20,https://cdn.myanimelist.net/images/characters/13/556385.jpg?s=1ff497e0f2192782ee1c17ce21ee0ccc,2025-04-06 20:52:34
252732,Fuku,,SUPPORTING,20,https://cdn.myanimelist.net/images/characters/14/556386.jpg?s=542e723e2815bfae7392729fd6fab249,2025-04-06 20:52:34
252733,Kayo,,SUPPORTING,20,https://cdn.myanimelist.net/images/characters/5/556387.jpg?s=e8f502d13e543ecfeb7f7c0cf332f0d6,2025-04-06 20:52:34
252734,Kubisaki Kouza,,SUPPORTING,20,https://cdn.myanimelist.net/images/characters/11/556388.jpg?s=e697b49ee2e9af138a4094e40193bcc2,2025-04-06 20:52:34
252737,Ryuudouin Genshou,,SUPPORTING,20,https://cdn.myanimelist.net/images/characters/5/556391.jpg?s=084637c32dd1f48fa80d391d3f7d7ed0,2025-04-06 20:52:34
252738,Yagura,,SUPPORTING,20,https://cdn.myanimelist.net/images/characters/9/556392.jpg?s=7272bf589dfcbfe054b25a211d202d63,2025-03-30 21:11:15
252741,Ryuudouin Agira,,SUPPORTING,0,https://cdn.myanimelist.net/images/characters/8/556395.jpg?s=5f3544f876a7125d2f49848c937f11c0,2025-04-06 20:52:34
252742,Ryuudouin Jakou,,SUPPORTING,20,https://cdn.myanimelist.net/images/characters/2/556396.jpg?s=a7de98a4f0bafa37e4c2663cadd921ad,2025-04-06 20:52:34
252743,Ryuudouin Rokkaku,,SUPPORTING,20,https://cdn.myanimelist.net/images/characters/10/556397.jpg?s=51bc706dc3003c860da3f00f8f956c93,2025-04-06 20:52:34
252779,Kanna,,SUPPORTING,20,https://cdn.myanimelist.net/images/characters/11/556471.jpg?s=98945f1e8236f50f0e55866e75af66a5,2025-04-06 20:52:34
252908,Kurama Uroko,,SUPPORTING,0,https://cdn.myanimelist.net/images/characters/16/556778.jpg?s=43edd3f81e9477970ee94975aacdf426,2025-04-06 20:52:34
252909,Kurama Murakumo,,SUPPORTING,9982806,https://cdn.myanimelist.net/images/characters/16/556779.jpg?s=ff432763a264218e9f920bc72ba9e456,2025-04-06 20:52:34
252910,Monju,,SUPPORTING,20,https://cdn.myanimelist.net/images/characters/14/556780.jpg?s=a0498a86263d6e40b2cb73d1abea3312,2025-04-06 20:52:34
252911,Toki,,SUPPORTING,20,https://cdn.myanimelist.net/images/characters/14/556781.jpg?s=4476355ea7c84a2336b2e81808e40a11,2025-04-06 20:52:34
252912,Tsuzumi,,SUPPORTING,20,https://cdn.myanimelist.net/images/characters/8/556782.jpg?s=eeb13eb3285431c7f1eb16539bb39064,2025-04-06 20:52:34
252915,Fuki,,SUPPORTING,20,https://cdn.myanimelist.net/images/characters/5/556786.jpg?s=b1b42c243862e4bb7a7491ce95e7db98,2025-04-06 20:52:34
252916,Shiin,,SUPPORTING,20,https://cdn.myanimelist.net/images/characters/15/556787.jpg?s=10f5cb15592e6ddb3a01a561d4419c96,2025-04-06 20:52:34
252918,Suiko,,SUPPORTING,20,https://cdn.myanimelist.net/images/characters/6/556789.jpg?s=07a7f4e0573e04e955b8dcddf3d3c4cd,2025-04-06 20:52:34
255312,Mozuku,,SUPPORTING,20,https://cdn.myanimelist.net/images/characters/2/561139.jpg?s=62787f1d0c78d31aab2b2e0c96a2cfa0,2025-04-06 20:52:34
256932,Madam Shijimi,,SUPPORTING,20,https://cdn.myanimelist.net/images/characters/11/564585.jpg?s=c3404d895c871a6d8ad1ef9df041396e,2025-04-06 20:52:34
261515,Sangorou,,SUPPORTING,20,https://cdn.myanimelist.net/images/characters/16/554159.jpg?s=ff7ecc33b5da4da06f45c3510322f76b,2025-04-06 20:52:34
262721,Oowashi,,SUPPORTING,20,https://cdn.myanimelist.net/images/characters/3/556364.jpg?s=918b268e18714532d7fbc7c38f821789,2025-03-30 15:23:40
262723,Hitode,,SUPPORTING,20,https://cdn.myanimelist.net/images/characters/12/556368.jpg?s=3c9149431fcb51a27e4b1146ec77be9f,2025-04-06 20:52:34
262732,Fuku,,SUPPORTING,20,https://cdn.myanimelist.net/images/characters/14/556386.jpg?s=542e723e2815bfae7392729fd6fab249,2025-03-30 21:11:15
262737,Ryuudouin Genshou,,SUPPORTING,20,https://cdn.myanimelist.net/images/characters/5/556391.jpg?s=084637c32dd1f48fa80d391d3f7d7ed0,2025-04-06 20:52:34
262743,Ryuudouin Rokkaku,,SUPPORTING,20,https://cdn.myanimelist.net/images/characters/10/556397.jpg?s=51bc706dc3003c860da3f00f8f956c93,2025-03-30 15:23:40
262915,Fuki,,SUPPORTING,20,https://cdn.myanimelist.net/images/characters/5/556786.jpg?s=b1b42c243862e4bb7a7491ce95e7db98,2025-03-30 15:23:40
267451,Funeno Daikoku,,SUPPORTING,20,https://cdn.myanimelist.net/images/characters/14/584649.jpg?s=d7ca5b566b8e888ddfa191f47a686dbe,2025-04-06 20:52:34
267452,Chouhan,,SUPPORTING,20,https://cdn.myanimelist.net/images/characters/2/584651.jpg?s=c436c30e724165a3aa7c00ec07b0e682,2025-03-30 21:11:15
268346,Hostesssan,,SUPPORTING,20,https://cdn.myanimelist.net/images/characters/15/586086.jpg?s=02e9fb0931709c294a6b2efb03592daf,16/9/2023
277451,Funeno Daikoku,,SUPPORTING,20,https://cdn.myanimelist.net/images/characters/14/584649.jpg?s=d7ca5b566b8e888ddfa191f47a686dbe,2025-04-06 20:52:34
